{"train_pixel_mean": 0.541046142578125, "train_pixel_std": 0.224131777882576}